{
  "dense": {
    "recall@3": 0.3776595744680851,
    "recall@5": 0.46808510638297873,
    "recall@10": 0.5851063829787234
  },
  "bm25": {
    "recall@3": 0.7872340425531915,
    "recall@5": 0.8351063829787234,
    "recall@10": 0.898936170212766
  },
  "hybrid": {
    "recall@3": 0.7021276595744681,
    "recall@5": 0.8297872340425532,
    "recall@10": 0.8882978723404256
  }
}